??????,,,,,,,,,
???. ??.,,,,,,,,,
???????,,,,,,,,,
??. ??,,,,,,,,,
?????? ?????,,,,,,,,,
?????? ??????,,,,,,,,,
??????,,,,,,,,,
???????????,,,,,,,,,
??????,,,,,,,,,
???????,,,,,,,,,
??????,,,,,,,,,
6fOlk:6,,,,,,,,,
?????????,,,,,,,,,
??????,,,,,,,,,
???????????,,,,,,,,,
?? ???????,,,,,,,,,
???? ??????,,,,,,,,,
???????? ???????,,,,,,,,,
???????????,,,,,,,,,
???,,,,,,,,,
???? ????? (DoS),,,,,,,,,
????????? ??????,,,,,,,,,
?????,,,,,,,,,
????,,,,,,,,,
??????? ?????,,,,,,,,,
???????,,,,,,,,,
???? ??????????,,,,,,,,,
?????? (????/???),,,,,,,,,
???? ????,,,,,,,,,
